model,camera,battery,performance,display
Oppo Reno12 F 4G,0.0,0.0,0.0,0.0
Oppo A3x 4G,0.0,0.0,0.0,0.0
Oppo Reno13 F 4G,0.0,0.0,0.0,0.0
Realme XT 730G,0.25,0.0,0.0,0.0
Realme V21,0.75,0.0,0.0,0.0
Realme GT6 (China),0.0,0.0,0.0,0.0
Samsung Galaxy C55,0.0,0.0,0.0,0.0
Samsung Galaxy Tab A9+,0.0,1.0,0.0,0.0
Samsung Metro 312,0.0,0.0,0.0,0.0
Samsung Mpower Txt M369,0.0,0.0,0.0,0.0
Samsung Galaxy S25,0.0,0.0,0.5,0.0
Xiaomi Redmi 17 5G,0.25,0.25,0.0,0.25
Nothing Phone 2a Plus Community Edition,0.0,0.0,0.0,0.0
Vivo V30 Pro 5G,0.12,0.0,0.0,0.0
Xiaomi Redmi Note 14S,0.0,0.0,0.0,0.0
Samsung Galaxy F36 5G,0.17,0.0,0.0,0.0
Vivo V30 Lite 4G,0.0,0.0,0.0,0.0
Motorola Moto G67 Power 5G,0.25,0.0,0.0,0.0
Vivo iQOO Z9s Pro,0.0,0.0,0.0,0.0
Realme P3 Pro,0.0,0.0,0.0,0.0
Xiaomi Redmi Turbo 4,0.0,0.0,0.0,0.0
Tecno Camon 30 Pro,0.0,0.0,0.0,0.0
Realme 12 Pro Plus 5G,0.33,0.0,0.0,0.0
IQOO Z10 5G,0.0,0.0,0.0,0.0
Realme Narzo 70 Turbo 5G,0.0,0.0,0.0,0.0
Realme 12 Pro 5G,0.0,0.0,0.0,0.0
Realme 14 Pro Plus,0.38,0.5,0.0,0.0
Realme 14 Pro 5G,0.0,0.0,0.0,0.0
Oppo F29 Pro,0.5,0.0,0.0,0.0
OnePlus Nord CE 6 Lite 5G,0.0,0.0,0.0,0.0
Xiaomi Redmi Note 15 5G Special Edition,0.0,0.25,0.0,0.12
IQOO Z11x 5G,0.0,0.0,0.0,0.0
Realme GT 9 Pro,0.0,0.0,0.0,0.0
Vivo X300,0.25,0.0,0.0,0.0
Realme GT 8 Pro,0.17,0.5,0.25,0.0
Apple iPhone 16 Pro Max,0.33,0.33,0.0,0.5
Samsung W25 Flip,0.0,0.0,0.0,0.0
OnePlus 12,0.0,0.0,0.0,0.0
Oppo Find X8 Pro,0.12,0.25,0.5,0.0
Samsung Galaxy Z Flip 6 (512GB),0.0,0.0,0.0,0.0
Vivo X Fold 3,0.0,0.0,0.0,0.0
IQOO 14 Pro,0.0,0.0,0.25,0.0
IQOO 15,0.0,0.0,0.0,0.0
Vivo X200T (12 GB RAM + 512 GB),0.0,0.0,0.0,0.0
Samsung Galaxy S24 Ultra,0.0,0.0,0.0,0.0
Vivo X200 Ultra,0.25,0.0,0.0,0.0
Xiaomi 16 Ultra,0.0,0.0,0.0,0.0
Oppo Find X9 5G,0.25,0.25,0.25,0.0
Oppo Find X8 Ultra,0.0,0.0,0.0,0.0
Oppo Find X8 Ultra,0.17,0.0,0.0,0.0
Realme C63 5G,0.0,0.0,0.0,0.0
Samsung Galaxy F15,0.0,0.0,0.0,0.0
Motorola Moto G45 5G,0.0,0.0,0.0,0.0
Lava Blaze Amoled,0.0,0.0,0.0,0.0
Realme 12X,0.0,0.0,0.0,0.0
Infinix Note 50X 5G,0.0,0.0,0.0,0.0
Samsung Galaxy F16 5G,0.0,0.0,0.0,0.0
Motorola Moto G35 5G,0.0,0.0,0.0,0.0
HMD Crest Max,0.0,0.0,0.0,0.0
Lava Storm Play 5G,0.0,0.0,0.0,0.0
Xiaomi Redmi 13 5G,0.0,0.0,0.0,0.0
Oppo K12x,0.0,0.0,0.0,0.0
Realme C100i,0.0,0.0,0.0,0.0
Vivo iQOO Z9x,0.0,0.0,0.0,0.0
OPPO K13x 5G,0.0,0.0,0.0,0.0
Realme C83 5G,0.25,0.0,0.0,0.0
OPPO A6x 5G,0.0,0.0,0.0,0.25
Oppo A5i,0.0,0.0,0.0,0.0
Realme Narzo 70x,0.0,0.0,0.0,0.0
Xiaomi Redmi A7 Pro 5G,0.5,0.33,0.0,0.0
Realme P1 Speed,0.0,0.0,0.0,0.0
Samsung Galaxy M15,0.0,0.0,0.0,0.0
Vivo Y400 5G,0.0,0.0,0.0,0.0
Vivo Y400 Pro 5G,0.5,0.0,0.0,0.0
Vivo T4x,0.0,0.0,0.0,0.0
Vivo Y29s 5G,0.0,0.0,0.0,0.0
Vivo T1x (India),0.0,0.0,0.0,0.0
Infinix Note 40X 5G,0.0,0.0,0.0,0.0
Samsung Galaxy M16 5G,0.0,0.0,0.0,0.0
Oppo A3 Pro 5G,0.0,0.0,0.0,0.0
Tecno POP X 5G,0.0,0.0,0.0,0.0
Xiaomi Redmi 15A 5G,0.0,0.0,0.0,0.0
HMD Arrow 5G,0.0,0.0,0.0,0.0
Tecno Spark 30 Pro Transformers Edition,0.0,0.0,0.0,0.0
Xiaomi Redmi 13 4G,0.0,0.0,0.0,0.0
Realme Narzo 90x,0.25,0.0,0.0,0.0
IQOO Neo 10,0.0,0.0,0.0,0.0
Vivo V60 5G,0.12,0.0,0.0,0.0
Motorola Moto X50 Ultra,0.0,0.0,0.0,0.0
Realme GT 7T,0.0,0.0,0.0,0.0
Motorola Edge 50 Ultra 5G,0.0,0.0,0.0,0.0
Oneplus 14R,0.0,0.0,0.0,0.0
Vivo V31 Pro 5G,0.0,0.0,0.0,0.0
Vivo iQOO 12,0.0,0.0,0.0,0.0
Poco X8 Pro Iron Man Edition,0.0,0.0,0.0,0.0
IQOO 12 5G,0.0,0.0,0.0,0.0
OnePlus Ace 7,0.0,0.0,0.0,0.0
OnePlus Nord 6 Naruto Edition,0.0,0.0,0.0,0.0
Poco X8 Pro 5G,0.5,0.0,0.0,0.0
OnePlus Nord 4,0.0,-0.5,0.0,0.0
OPPO Reno 15 5G,0.0,0.0,0.0,0.0
Infinix GT 30 5G,0.0,0.0,0.0,0.0
Vivo V40 SE 5G,0.0,0.0,0.0,0.0
Realme Narzo Power 5G,0.0,0.0,0.0,0.0
Vivo Y200 Pro 5G,0.0,0.0,0.0,0.0
Vivo V30 SE,0.0,0.0,0.5,0.0
Realme P1 Pro 5G,0.0,0.0,0.0,0.0
Samsung Galaxy A26 5G,0.0,0.0,0.0,0.0
Xiaomi Redmi Note 14 Pro,0.0,0.0,0.0,0.0
Infinix Note 50 Pro 5G,0.0,0.0,0.0,0.0
Samsung Galaxy F56 5G,0.0,0.0,0.0,0.0
Vivo Y60,0.25,0.0,0.0,0.0
Samsung Galaxy A17 5G,0.0,0.0,0.0,0.0
Xiaomi 17 Pro,0.0,0.0,0.0,0.0
Vivo X100 Ultra,0.5,0.0,0.0,0.0
Xiaomi 15 Pro,0.0,0.0,0.0,0.0
Google Pixel 8 Pro (12GB RAM + 256 GB),0.0,0.0,0.0,0.0
Realme Neo 7 Turbo,0.0,0.0,0.0,0.0
Realme P2 Pro,0.0,0.0,0.0,0.0
Realme GT Neo 6 SE,0.0,0.0,0.0,0.0
Vivo T3 Pro 5G,0.0,0.0,0.0,0.0
IQOO Z10 Turbo Pro,0.0,0.0,0.0,0.0
Infinix GT 20 Pro 5G,-0.5,0.0,0.0,0.0
Vivo V70 5G,0.0,0.0,0.0,0.0
OPPO Reno 14 Pro 5G,0.0,0.0,0.0,0.0
Vivo X200 Pro Mini,0.0,0.0,0.0,0.0
Nothing Phone 3,0.0,0.0,0.0,0.0
Realme 16 Pro Plus 5G,0.0,0.0,0.0,0.0
Nothing Phone (3a) Pro,0.5,0.0,0.0,0.0
Vivo V50 Pro 5G,0.0,0.0,0.0,0.0
OnePlus 13R,0.0,0.0,0.0,0.0
Vivo iQOO 13,0.0,0.0,0.0,0.0
Infinix Zero Flip,0.0,0.0,0.0,0.0
Poco X8 Pro Max 5G,0.0,0.5,0.0,0.0
Realme 15 5G,0.5,0.5,0.0,0.0
Infinix GT 30 Pro 5G,0.0,0.0,0.0,0.0
Vivo V30e,0.0,0.0,0.0,0.0
Realme 13 Pro Plus 5G,0.25,0.0,0.0,0.0
Poco X6 Pro 5G,0.0,0.0,0.0,0.0
Tecno Camon 30 Premier,0.0,0.0,0.0,0.0
Honor X9c,0.0,0.0,0.0,0.0
Realme 13 Plus 5G,0.0,0.0,0.0,0.0
Vivo Y31 5G,0.0,0.0,0.0,0.0
Samsung Galaxy F70,0.0,0.0,0.0,0.0
Oppo F33,0.0,0.0,0.0,0.0
Samsung Galaxy A36 5G,0.0,0.0,0.0,0.0
Oppo Reno 11A 5G,0.0,0.0,0.0,0.0
Apple iPhone Air,0.0,0.0,0.0,0.0
OPPO Find N4,0.0,0.0,0.0,0.0
Samsung Galaxy Z Flip 7 5G,0.0,0.0,0.0,0.0
Vivo T4 Lite,0.5,0.5,0.0,0.0
Realme C85 5G,0.0,0.0,0.0,0.0
HMD Skyline 5G,0.0,0.0,0.0,0.0
Motorola Edge 60 Pro,0.0,0.0,0.0,0.0
Motorola Edge 70 Fusion 5G (12GB RAM + 256 GB),0.0,0.0,0.0,0.0
HMD Skyline Blue Topaz Edition,0.0,0.0,0.0,0.0
Motorola Edge 70 Pro,0.0,0.0,0.0,0.0
Motorola Razr 60 5G,0.0,0.0,0.0,0.0
HMD Hyper,0.0,0.0,0.0,0.0
Motorola Edge 60 Fusion,0.5,0.5,0.0,0.0
OPPO Reno 14 5G,0.0,0.0,0.0,0.0
Oppo Find X8s Plus,0.0,0.0,0.0,0.0
Poco F7 Ultra,0.0,0.0,0.0,0.0
Vivo V50 Elite Edition,0.0,0.0,0.0,0.0
Custom Skin Phone,0.0,0.0,0.0,0.0
Vivo T4 Ultra,0.5,0.0,0.0,0.0
Xiaomi Redmi Note 15 Pro Plus,0.0,0.0,0.0,0.0
Vivo T5 Ultra,0.0,0.0,0.0,0.0
Vivo T4 Pro 5G,0.0,0.0,0.0,0.0
Honor 200 Pro,0.0,0.0,0.0,0.0
Vivo T3 Ultra,0.0,0.0,0.0,0.0
Xiaomi Redmi Note 13 Turbo,0.0,0.0,0.0,0.0
Samsung Galaxy M55s 5G,0.0,0.0,0.0,0.0
Xiaomi Redmi Note 15 Pro 5G,0.0,0.0,0.0,0.0
Realme P5 Pro 5G,0.5,0.0,0.5,0.0
Infinix Note 40 Pro+,0.0,0.0,0.0,0.0
Realme GT 6T,0.0,0.5,0.17,0.5
OnePlus Turbo,0.0,0.0,0.0,0.0
OnePlus 13T,0.0,0.0,0.0,0.0
Vivo V50 5G,0.0,0.0,0.0,0.0
Realme GT 6 5G,0.0,0.0,0.0,0.0
OPPO Reno 13 Pro 5G,0.0,0.0,0.0,0.0
Oppo K13 Turbo Pro,0.0,0.0,0.0,0.0
Xiaomi 15 CIVI,0.0,0.0,0.0,0.0
Poco F8 Pro,0.0,0.0,0.0,0.0
Vivo S30 Pro,0.0,0.0,0.0,0.0
Vivo X200 Mini,0.0,0.0,0.0,0.0
Poco F7 Pro 5G,0.0,0.0,0.0,0.0
Vivo V33 Pro,0.0,0.0,0.0,0.0
IQOO Neo11 Pro,0.0,0.0,0.5,0.0
Vivo V70 FE 5G,0.0,0.0,0.0,0.0
Vivo V40 Pro,0.5,0.0,0.0,0.0
Realme P3 Ultra,0.0,0.0,0.0,0.0
Nothing Phone 4a,0.0,0.0,0.0,0.0
Realme P4 Pro 5G,0.0,0.0,0.0,0.0
Vivo T5 Pro,0.0,0.0,0.0,0.25
Motorola Moto G88 5G,0.0,0.0,0.0,0.0
Samsung Galaxy F55 5G,0.0,0.0,0.0,0.0
Vivo T4 5G,0.0,0.0,0.0,0.0
Samsung Galaxy F57 5G,0.0,0.0,0.0,0.0
Samsung Galaxy S26 Ultra,0.0,0.0,0.0,0.0
Xiaomi 17 Ultra,0.0,0.0,0.0,0.0
Apple iPhone 17 Pro Max,0.0,0.0,0.0,0.0
Samsung Galaxy S26 Plus,0.0,0.0,0.0,0.0
Samsung Galaxy Z Flip 7 Olympic Edition,0.0,0.0,0.0,0.0
Samsung Galaxy S26 Edge,0.0,0.0,0.0,0.0
Vivo X200 Plus,0.0,0.0,0.0,0.0
Vivo X200 Pro 5G,0.17,0.0,0.0,0.0
Oppo Find X9 Ultra,0.0,0.0,0.0,0.0
Xiaomi 14 Ultra,0.0,0.0,0.0,0.0
Motorola Razr 60 Ultra,0.0,0.0,0.0,0.0
Vivo X110 Pro Plus,0.0,0.0,0.0,0.0
Google Pixel 9 Pro,0.0,0.0,0.0,0.0
Galaxy Z,0.0,0.0,0.0,0.5
All Galaxy Smartphones,0.0,0.4,0.0,0.3333333333333333
Galaxy Smartphone,0.0,0.0,0.0,0.0
Galaxy Forever,0.0,0.0,0.0,0.0
Shop,0.0,0.0,0.0,0.0
Support,0.0,0.0,0.0,0.0
Account,0.0,0.0,0.0,0.0
Sustainability,0.0,0.0,0.0,0.0
REDMI Turbo 5,1.0,0.0,0.0,0.0
Redmi Note 15 Pro+ 5G,0.3333333333333333,1.0,0.0,0.5
Apple iPhone 14,0.7142857142857143,0.5454545454545454,0.75,0.0
Apple iPhone 15,0.3333333333333333,0.6,0.0,0.0
Apple iPhone 15,0.3333333333333333,0.6,0.0,0.0
Apple iPhone 15,0.3333333333333333,0.6,0.0,0.0
Apple iPhone 15 Plus,0.625,0.2,0.0,1.0
Apple iPhone 15 Plus,0.625,0.125,0.0,1.0
Apple iPhone 15 Pro,1.0,0.3333333333333333,0.0,1.0
Apple iPhone 15 Pro,1.0,0.3333333333333333,0.0,1.0
Apple iPhone 15 Pro,1.0,0.3333333333333333,0.0,1.0
Apple iPhone 15 Pro (1TB),1.0,0.3333333333333333,0.0,0.0
Apple iPhone 14,0.7142857142857143,0.4375,0.75,0.0
Apple iPhone 15,0.3333333333333333,0.5,0.0,0.5
Apple iPhone 15,0.3333333333333333,0.5,0.0,0.5
Apple iPhone 15,0.3333333333333333,0.5,0.0,0.5
Apple iPhone 15 Plus,0.5555555555555556,0.1,0.0,1.0
Apple iPhone 15 Plus,0.5555555555555556,0.1,0.0,1.0
Apple iPhone 15 Pro,1.0,0.5,0.0,0.0
Apple iPhone 15 Pro,1.0,0.5,0.0,0.0
Apple iPhone 15 Pro,1.0,0.5,0.0,0.0
Apple iPhone 15 Pro (1TB),1.0,0.5,0.0,0.0
